<?xml version="1.0"?>
<!--<!DOCTYPE metadata SYSTEM "http://www.esri.com/metadata/esriprof80.dtd">-->
<metadata xml:lang="en"><Esri><CreaDate>20101012</CreaDate><CreaTime>13554100</CreaTime><SyncOnce>FALSE</SyncOnce><SyncDate>20100527</SyncDate><SyncTime>16413500</SyncTime><ModDate>20100527</ModDate><ModTime>16413500</ModTime><DataProperties><lineage><Process ToolSource="C:\Program Files\ArcGIS\ArcToolbox\Toolboxes\Data Management Tools.tbx\CopyFeatures" Date="20081008" Time="173006">CopyFeatures \\igsknjwwfs003\gis\atlas\work\work_kim\political_boundaries\bound\arc D:\Atlas\Watersheds_Working_final.gdb\watersheds\bound_arc # 0 0 0</Process><Process ToolSource="C:\Program Files\ArcGIS\ArcToolbox\Toolboxes\Data Management Tools.tbx\CopyFeatures" Date="20081009" Time="114159">CopyFeatures D:\Atlas\Watersheds_Working_final.gdb\watersheds\bound_l_editv1 D:\Atlas\Watersheds_Working_finalv2.gdb\work\bound_l_editv1 # 0 0 0</Process><Process ToolSource="C:\Program Files\ArcGIS\ArcToolbox\Toolboxes\Data Management Tools.tbx\CopyFeatures" Date="20081017" Time="111448">CopyFeatures D:\Atlas\Watersheds_Working_finalv2.gdb\work\bound_l_editv1 D:\Atlas\National_Atlas_Work.gdb\updated_datasets\bound_l_editv1 # 0 0 0</Process><Process ToolSource="C:\Program Files\ArcGIS\ArcToolbox\Toolboxes\Conversion Tools.tbx\FeatureClassToFeatureClass" Date="20090904" Time="122841">FeatureClassToFeatureClass "E:\NA Atlas\a_wshed10m\NA_2009\National_Atlas_Work.gdb\updated_datasets_lambert\bnd_l_2009" "E:\NA Atlas\a_wshed10m\NA_2009\NA_Atlas_20090904.gdb\data_20090904" bound_l # "UIDENT 'UIDENT' true true false 4 Long 0 0 ,First,#,E:\NA Atlas\a_wshed10m\NA_2009\National_Atlas_Work.gdb\updated_datasets_lambert\bnd_l_2009,UIDENT,-1,-1;TYPE 'TYPE' true true false 2 Short 0 0 ,First,#,E:\NA Atlas\a_wshed10m\NA_2009\National_Atlas_Work.gdb\updated_datasets_lambert\bnd_l_2009,TYPE,-1,-1;COUNTRY 'COUNTRY' true true false 15 Text 0 0 ,First,#,E:\NA Atlas\a_wshed10m\NA_2009\National_Atlas_Work.gdb\updated_datasets_lambert\bnd_l_2009,COUNTRY,-1,-1;Shape_Length 'Shape_Length' false true true 8 Double 0 0 ,First,#,E:\NA Atlas\a_wshed10m\NA_2009\National_Atlas_Work.gdb\updated_datasets_lambert\bnd_l_2009,Shape_Length,-1,-1;EDIT_DATE 'EDIT_DATE' true true false 8 Text 0 0 ,First,#,E:\NA Atlas\a_wshed10m\NA_2009\National_Atlas_Work.gdb\updated_datasets_lambert\bnd_l_2009,EDIT_DATE,-1,-1;EDIT 'EDIT' true true false 3 Text 0 0 ,First,#,E:\NA Atlas\a_wshed10m\NA_2009\National_Atlas_Work.gdb\updated_datasets_lambert\bnd_l_2009,EDIT,-1,-1" # "E:\NA Atlas\a_wshed10m\NA_2009\NA_Atlas_20090904.gdb\data_20090904\bound_l"</Process><Process ToolSource="C:\Program Files\ArcGIS\ArcToolbox\Toolboxes\Data Management Tools.tbx\CopyFeatures" Date="20100517" Time="135648">CopyFeatures "E:\NA Atlas\a_wshed10m\NA_2009\NA_Atlas_20100330_AOC_Phase5\NA_Atlas_201003.gdb\data\bound_l" "E:\NA Atlas\a_wshed10m\NA_2009\NA_Atlas_20100330_AOC_Phase5\Release2010\Release2010.gdb\data\bound_l" # 0 0 0</Process><Process ToolSource="C:\Program Files\ArcGIS\ArcToolbox\Toolboxes\Conversion Tools.tbx\FeatureClassToFeatureClass" Date="20100527" Time="162120">FeatureClassToFeatureClass "T:\CECGIS\ENGLISH\_in_progress\Basemap_Geodatabase\Archive\Andy's Corrected Basemap Geodatabase, May 19 2010\CECbase_2010a.gdb\base\bound_l" "T:\CECGIS\ENGLISH\_in_progress\Basemap_Geodatabase\Archive\Basemap Geodatabase update, May 27 2010\CECbase_2010_v2.gdb\base" boundary_l_v2 # "UIDENT 'UIDENT' true true false 4 Long 0 0 ,First,#,T:\CECGIS\ENGLISH\_in_progress\Basemap_Geodatabase\Archive\Andy's Corrected Basemap Geodatabase, May 19 2010\CECbase_2010a.gdb\base\bound_l,UIDENT,-1,-1;TYPE 'TYPE' true true false 2 Long 0 0 ,First,#,T:\CECGIS\ENGLISH\_in_progress\Basemap_Geodatabase\Archive\Andy's Corrected Basemap Geodatabase, May 19 2010\CECbase_2010a.gdb\base\bound_l,TYPE,-1,-1;COUNTRY 'COUNTRY' true true false 15 Text 0 0 ,First,#,T:\CECGIS\ENGLISH\_in_progress\Basemap_Geodatabase\Archive\Andy's Corrected Basemap Geodatabase, May 19 2010\CECbase_2010a.gdb\base\bound_l,COUNTRY,-1,-1;EDIT_DATE 'EDIT_DATE' true true false 8 Text 0 0 ,First,#,T:\CECGIS\ENGLISH\_in_progress\Basemap_Geodatabase\Archive\Andy's Corrected Basemap Geodatabase, May 19 2010\CECbase_2010a.gdb\base\bound_l,EDIT_DATE,-1,-1;EDIT 'EDIT' true true false 3 Text 0 0 ,First,#,T:\CECGIS\ENGLISH\_in_progress\Basemap_Geodatabase\Archive\Andy's Corrected Basemap Geodatabase, May 19 2010\CECbase_2010a.gdb\base\bound_l,EDIT,-1,-1;Shape_Length 'Shape_Length' false true true 8 Double 0 0 ,First,#,T:\CECGIS\ENGLISH\_in_progress\Basemap_Geodatabase\Archive\Andy's Corrected Basemap Geodatabase, May 19 2010\CECbase_2010a.gdb\base\bound_l,Shape_Length,-1,-1" # "T:\CECGIS\ENGLISH\_in_progress\Basemap_Geodatabase\Archive\Basemap Geodatabase update, May 27 2010\CECbase_2010_v2.gdb\base\boundary_l_v2"</Process><Process ToolSource="C:\Program Files\ArcGIS\ArcToolbox\Toolboxes\Data Management Tools.tbx\CopyFeatures" Date="20100527" Time="164138">CopyFeatures "T:\CECGIS\ENGLISH\_in_progress\Basemap_Geodatabase\Archive\Basemap Geodatabase update, May 27 2010\CECbase_2010_v2.gdb\base\boundary_l_v2" "T:\CECGIS\ENGLISH\_in_progress\Basemap_Geodatabase\Shapefiles_of_Basemap_layers\Extracted from updated Geodatabase, May 27 2010\boundary_l_v2.shp" # 0 0 0</Process></lineage></DataProperties><ArcGISFormat>1.0</ArcGISFormat></Esri><idinfo><citation><citeinfo><onlink Sync="TRUE">\\W-BSC-A104229\E$\NA Atlas\NA Release 2010\Data\a_release_20100527\corrected data for Zakir\shapefiles\base_v2\boundary_l_v2</onlink><origin>REQUIRED: The name of an organization or individual that developed the data set.</origin><pubdate>REQUIRED: The date when the data set is published or otherwise made available for release.</pubdate><title Sync="TRUE">boundary_l_v2</title><ftname Sync="TRUE">boundary_l_v2</ftname><geoform Sync="TRUE">vector digital data</geoform></citeinfo></citation><native Sync="TRUE">Microsoft Windows XP Version 5.1 (Build 2600) Service Pack 3; ESRI ArcCatalog 9.3.1.3500</native><descript><langdata Sync="TRUE">en</langdata><abstract>REQUIRED: A brief narrative summary of the data set.</abstract><purpose>REQUIRED: A summary of the intentions with which the data set was developed.</purpose></descript><timeperd><current>REQUIRED: The basis on which the time period of content information is determined.</current><timeinfo><sngdate><caldate>REQUIRED: The year (and optionally month, or month and day) for which the data set corresponds to the ground.</caldate></sngdate></timeinfo></timeperd><status><progress>REQUIRED: The state of the data set.</progress><update>REQUIRED: The frequency with which changes and additions are made to the data set after the initial data set is completed.</update></status><spdom><bounding><westbc Sync="TRUE">-180.000000</westbc><eastbc Sync="TRUE">180.000000</eastbc><northbc Sync="TRUE">90.000000</northbc><southbc Sync="TRUE">-4.944152</southbc></bounding><lboundng><leftbc Sync="TRUE">-5835000.000000</leftbc><rightbc Sync="TRUE">4462000.005500</rightbc><bottombc Sync="TRUE">-3920000.006400</bottombc><topbc Sync="TRUE">4907000.000000</topbc></lboundng></spdom><keywords><theme><themekt>REQUIRED: Reference to a formally registered thesaurus or a similar authoritative source of theme keywords.</themekt><themekey>REQUIRED: Common-use word or phrase used to describe the subject of the data set.</themekey></theme></keywords><accconst>REQUIRED: Restrictions and legal prerequisites for accessing the data set.</accconst><useconst>REQUIRED: Restrictions and legal prerequisites for using the data set after access is granted.</useconst><natvform Sync="TRUE">Shapefile</natvform></idinfo><distInfo><distributor><distorTran><onLineSrc><linkage Sync="TRUE">file://\\W-BSC-A104229\E$\NA Atlas\NA Release 2010\Data\a_release_20100527\corrected data for Zakir\shapefiles\base_v2\boundary_l_v2</linkage><protocol Sync="TRUE">Local Area Network</protocol><orDesc Sync="TRUE">002</orDesc></onLineSrc><transSize Sync="TRUE">0.000</transSize></distorTran><distorFormat><formatName Sync="TRUE">Shapefile</formatName></distorFormat></distributor></distInfo><dataqual><lineage><procstep><procdesc Sync="TRUE">Dataset moved.</procdesc><srcused Sync="TRUE">\\ccrs-nts6\groupdata\GeoAccess\For KenA\NA Hydro Aug 2005\lambert_az\bound_l</srcused><date Sync="TRUE">20051123</date><time Sync="TRUE">11153000</time></procstep><procstep><procdesc Sync="TRUE">Dataset moved.</procdesc><srcused Sync="TRUE">\\ccrs-nts6\groupdata\GeoAccess\For KenA\NA Hydro Dec 2005\NA_bound_lines_2005</srcused><date Sync="TRUE">20051219</date><time Sync="TRUE">09463800</time></procstep><procstep><procdesc Sync="TRUE">Dataset copied.</procdesc><srcused Sync="TRUE">\\W-BSC-A104229\E$\NA Atlas\a_wshed10m\NA_2009\National_Atlas_Work.gdb</srcused><procdate Sync="TRUE">20090901</procdate><proctime Sync="TRUE">16191400</proctime></procstep><procstep><procdesc Sync="TRUE">Dataset copied.</procdesc><srcused Sync="TRUE">\\W-BSC-A104229\E$\NA Atlas\a_wshed10m\NA_2009\NA_Atlas_20091105_USGS_Phase3\NA_Atlas_200911.gdb</srcused><procdate Sync="TRUE">20091202</procdate><proctime Sync="TRUE">15250800</proctime></procstep><procstep><procdesc Sync="TRUE">Dataset copied.</procdesc><srcused Sync="TRUE">E:\NA Atlas\a_wshed10m\from_CEC\final files 20100528\Shapefiles Extracted from updated Geodatabase, May 27 2010\boundary_l_v2</srcused><procdate Sync="TRUE">20100528</procdate><proctime Sync="TRUE">14393400</proctime></procstep><procstep><procdesc Sync="TRUE">Dataset moved.</procdesc><srcused Sync="TRUE">E:\NA Atlas\a_wshed10m\NA_2009\NA_Atlas_20100330_AOC_Phase5\a_release\projected\shapefiles\boundary_l_v2</srcused><procdate Sync="TRUE">20100528</procdate><proctime Sync="TRUE">14403300</proctime></procstep><procstep><procdesc Sync="TRUE">Dataset copied.</procdesc><srcused Sync="TRUE">E:\NA Atlas\NA Release 2010\Data\a_release_20100527\projected\shapefiles\base_v2\boundary_l_v2</srcused><procdate Sync="TRUE">20100706</procdate><proctime Sync="TRUE">17152800</proctime></procstep><procstep><procdesc Sync="TRUE">Dataset copied.</procdesc><srcused Sync="TRUE">E:\NA Atlas\NA Release 2010\Data\a_release_20100527\corrected data for Zakir\boundary_l_v2</srcused><procdate Sync="TRUE">20100706</procdate><proctime Sync="TRUE">17162100</proctime></procstep></lineage></dataqual><dataIdInfo><envirDesc Sync="TRUE">Microsoft Windows XP Version 5.1 (Build 2600) Service Pack 3; ESRI ArcCatalog 9.3.1.3500</envirDesc><dataLang><languageCode Sync="TRUE" value="en"></languageCode></dataLang><idCitation><resTitle Sync="TRUE">boundary_l_v2</resTitle><presForm><PresFormCd Sync="TRUE" value="005"></PresFormCd></presForm></idCitation><dataExt><geoEle><GeoBndBox esriExtentType="native"><westBL Sync="TRUE">-5835000</westBL><eastBL Sync="TRUE">4462000.0055</eastBL><northBL Sync="TRUE">4907000</northBL><southBL Sync="TRUE">-3920000.0064</southBL><exTypeCode Sync="TRUE">1</exTypeCode></GeoBndBox></geoEle></dataExt><geoBox esriExtentType="decdegrees"><westBL Sync="TRUE">-180</westBL><eastBL Sync="TRUE">180</eastBL><northBL Sync="TRUE">90</northBL><southBL Sync="TRUE">-4.944152</southBL><exTypeCode Sync="TRUE">1</exTypeCode></geoBox><spatRpType><SpatRepTypCd Sync="TRUE" value="001"></SpatRepTypCd></spatRpType></dataIdInfo><metainfo><langmeta Sync="TRUE">en</langmeta><metstdn Sync="TRUE">FGDC Content Standards for Digital Geospatial Metadata</metstdn><metstdv Sync="TRUE">FGDC-STD-001-1998</metstdv><mettc Sync="TRUE">local time</mettc><metc><cntinfo><cntorgp><cntper>REQUIRED: The person responsible for the metadata information.</cntper><cntorg>REQUIRED: The organization responsible for the metadata information.</cntorg></cntorgp><cntaddr><addrtype>REQUIRED: The mailing and/or physical address for the organization or individual.</addrtype><city>REQUIRED: The city of the address.</city><state>REQUIRED: The state or province of the address.</state><postal>REQUIRED: The ZIP or other postal code of the address.</postal></cntaddr><cntvoice>REQUIRED: The telephone number by which individuals can speak to the organization or individual.</cntvoice></cntinfo></metc><metd Sync="TRUE">20100527</metd><metextns><onlink Sync="TRUE">http://www.esri.com/metadata/esriprof80.html</onlink><metprof Sync="TRUE">ESRI Metadata Profile</metprof></metextns></metainfo><mdLang><languageCode Sync="TRUE" value="en"></languageCode></mdLang><mdStanName Sync="TRUE">ISO 19115 Geographic Information - Metadata</mdStanName><mdStanVer Sync="TRUE">DIS_ESRI1.0</mdStanVer><mdChar><CharSetCd Sync="TRUE" value="004"></CharSetCd></mdChar><mdHrLv><ScopeCd Sync="TRUE" value="005"></ScopeCd></mdHrLv><mdHrLvName Sync="TRUE">dataset</mdHrLvName><distinfo><resdesc Sync="TRUE">Downloadable Data</resdesc><stdorder><digform><digtinfo><transize Sync="TRUE">0.000</transize><dssize Sync="TRUE">0.000</dssize></digtinfo></digform></stdorder></distinfo><spdoinfo><direct Sync="TRUE">Vector</direct><ptvctinf><esriterm Name="boundary_l_v2"><efeatyp Sync="TRUE">Simple</efeatyp><efeageom Sync="TRUE">Polyline</efeageom><esritopo Sync="TRUE">FALSE</esritopo><efeacnt Sync="TRUE">0</efeacnt><spindex Sync="TRUE">FALSE</spindex><linrefer Sync="TRUE">FALSE</linrefer></esriterm><sdtsterm Name="boundary_l_v2"><sdtstype Sync="TRUE">String</sdtstype><ptvctcnt Sync="TRUE">0</ptvctcnt></sdtsterm></ptvctinf></spdoinfo><spref><horizsys><cordsysn><geogcsn Sync="TRUE">GCS_Sphere_ARC_INFO</geogcsn><projcsn Sync="TRUE">Sphere_ARC_INFO_Lambert_Azimuthal_Equal_Area</projcsn></cordsysn><planar><planci><plance Sync="TRUE">coordinate pair</plance><plandu Sync="TRUE">meters</plandu><coordrep><absres Sync="TRUE">0.000000</absres><ordres Sync="TRUE">0.000000</ordres></coordrep></planci><mapproj><mapprojn Sync="TRUE">Lambert Azimuthal Equal Area</mapprojn><lamberta><longpc Sync="TRUE">-100.000000</longpc><latprjc Sync="TRUE">45.000000</latprjc><feast Sync="TRUE">0.000000</feast><fnorth Sync="TRUE">0.000000</fnorth></lamberta></mapproj></planar><geodetic><horizdn Sync="TRUE">D_Sphere_ARC_INFO</horizdn><ellips Sync="TRUE">Sphere_ARC_INFO</ellips><semiaxis Sync="TRUE">6370997.000000</semiaxis><denflat Sync="TRUE">infinity</denflat></geodetic></horizsys><vertdef><altsys><altenc Sync="TRUE">Explicit elevation coordinate included with horizontal coordinates</altenc><altres Sync="TRUE">0.000100</altres></altsys></vertdef></spref><refSysInfo><RefSystem><refSysID><identCode Sync="TRUE">Sphere_ARC_INFO_Lambert_Azimuthal_Equal_Area</identCode></refSysID></RefSystem></refSysInfo><spatRepInfo><VectSpatRep><topLvl><TopoLevCd Sync="TRUE" value="001"></TopoLevCd></topLvl><geometObjs Name="boundary_l_v2"><geoObjTyp><GeoObjTypCd Sync="TRUE" value="001"></GeoObjTypCd></geoObjTyp><geoObjCnt Sync="TRUE">0</geoObjCnt></geometObjs></VectSpatRep></spatRepInfo><eainfo><detailed Name="boundary_l_v2"><enttyp><enttypl Sync="TRUE">boundary_l_v2</enttypl><enttypt Sync="TRUE">Feature Class</enttypt><enttypc Sync="TRUE">0</enttypc></enttyp><attr><attrlabl Sync="TRUE">FID</attrlabl><attalias Sync="TRUE">FID</attalias><attrtype Sync="TRUE">OID</attrtype><attwidth Sync="TRUE">4</attwidth><atprecis Sync="TRUE">0</atprecis><attscale Sync="TRUE">0</attscale><attrdef Sync="TRUE">Internal feature number.</attrdef><attrdefs Sync="TRUE">ESRI</attrdefs><attrdomv><udom Sync="TRUE">Sequential unique whole numbers that are automatically generated.</udom></attrdomv></attr><attr><attrlabl Sync="TRUE">Shape</attrlabl><attalias Sync="TRUE">Shape</attalias><attrtype Sync="TRUE">Geometry</attrtype><attwidth Sync="TRUE">0</attwidth><atprecis Sync="TRUE">0</atprecis><attscale Sync="TRUE">0</attscale><attrdef Sync="TRUE">Feature geometry.</attrdef><attrdefs Sync="TRUE">ESRI</attrdefs><attrdomv><udom Sync="TRUE">Coordinates defining the features.</udom></attrdomv></attr><attr><attrlabl Sync="TRUE">UIDENT</attrlabl><attalias Sync="TRUE">UIDENT</attalias><attrtype Sync="TRUE">Number</attrtype><attwidth Sync="TRUE">9</attwidth></attr><attr><attrlabl Sync="TRUE">TYPE</attrlabl><attalias Sync="TRUE">TYPE</attalias><attrtype Sync="TRUE">Number</attrtype><attwidth Sync="TRUE">9</attwidth></attr><attr><attrlabl Sync="TRUE">COUNTRY</attrlabl><attalias Sync="TRUE">COUNTRY</attalias><attrtype Sync="TRUE">String</attrtype><attwidth Sync="TRUE">15</attwidth></attr><attr><attrlabl Sync="TRUE">EDIT_DATE</attrlabl><attalias Sync="TRUE">EDIT_DATE</attalias><attrtype Sync="TRUE">String</attrtype><attwidth Sync="TRUE">8</attwidth></attr><attr><attrlabl Sync="TRUE">EDIT</attrlabl><attalias Sync="TRUE">EDIT</attalias><attrtype Sync="TRUE">String</attrtype><attwidth Sync="TRUE">3</attwidth></attr><attr><attrlabl Sync="TRUE">Shape_Leng</attrlabl><attalias Sync="TRUE">Shape_Leng</attalias><attrtype Sync="TRUE">Float</attrtype><attwidth Sync="TRUE">19</attwidth><atnumdec Sync="TRUE">11</atnumdec></attr></detailed></eainfo><mdDateSt Sync="TRUE">20100527</mdDateSt></metadata>
